{"cameraMode":{"drawMode":0,"name":"Shaded","section":"Shading Mode"},"sceneLighting":true,"audioPlay":false,"sceneViewState":{"showFog":true,"showMaterialUpdate":false,"showSkybox":true,"showFlares":true,"showImageEffects":true,"showParticleSystems":true},"in2DMode":false,"pivot":{"x":7.375326633453369,"y":2.029572010040283,"z":-3.9136173725128176},"rotation":{"x":-0.1641211211681366,"y":0.14940863847732545,"z":-0.025156447663903238,"w":-0.9747350811958313},"size":3.6895124912261965,"orthographic":false}