{"cameraMode":{"drawMode":0,"name":"Shaded","section":"Shading Mode"},"sceneLighting":true,"audioPlay":false,"sceneViewState":{"showFog":true,"showMaterialUpdate":false,"showSkybox":true,"showFlares":true,"showImageEffects":true,"showParticleSystems":true},"in2DMode":false,"pivot":{"x":4.050650596618652,"y":2.40761137008667,"z":-0.5647993087768555},"rotation":{"x":-0.18224185705184937,"y":-0.3724687695503235,"z":0.0748487189412117,"w":-0.9068917632102966},"size":12.633872985839844,"orthographic":false}